title,info,url_b,task_id,,Unnamed: 0,user_id,user_ip
0.png,7,https://www.dropbox.com/s/zani1nf1ckze1ez/0.png?raw=1,1890864,2,2,,172.104.127.106
1.png,2,https://www.dropbox.com/s/d2nntlfnuny1dsx/1.png?raw=1,1890865,6,6,,172.104.127.106
2.png,1,https://www.dropbox.com/s/q22zgqyl0yvscq7/2.png?raw=1,1890866,10,10,,172.104.127.106
3.png,0,https://www.dropbox.com/s/pt3ig2v3kecds80/3.png?raw=1,1890867,14,14,,172.104.127.106
4.png,4,https://www.dropbox.com/s/ds2vrp3so8w6j8j/4.png?raw=1,1890868,18,18,,172.104.127.106
5.png,1,https://www.dropbox.com/s/d445zy1ckmgu3cj/5.png?raw=1,1890869,22,22,,172.104.127.106
6.png,4,https://www.dropbox.com/s/xipdiut4y1hilan/6.png?raw=1,1890870,26,26,,172.104.127.106
7.png,9,https://www.dropbox.com/s/5k75g7ethgcb1on/7.png?raw=1,1890871,30,30,,172.104.127.106
8.png,5,https://www.dropbox.com/s/k273e5cib7613i8/8.png?raw=1,1890872,34,34,,172.104.127.106
9.png,9,https://www.dropbox.com/s/w3y4k2hwj9b7dfb/9.png?raw=1,1890873,37,37,,172.104.127.106
10.png,0,https://www.dropbox.com/s/pmc9kpdamvq21xm/10.png?raw=1,1890874,40,40,,172.104.127.106
11.png,6,https://www.dropbox.com/s/oag6s8eeivdcu0g/11.png?raw=1,1890875,42,42,,172.104.127.106
12.png,9,https://www.dropbox.com/s/pi6qm84phucmr5g/12.png?raw=1,1890876,44,44,,172.104.127.106
13.png,0,https://www.dropbox.com/s/eep8035k0v2ickm/13.png?raw=1,1890877,46,46,,172.104.127.106
14.png,1,https://www.dropbox.com/s/5szgdbrsyoqenhi/14.png?raw=1,1890878,48,48,,172.104.127.106
15.png,5,https://www.dropbox.com/s/wbb580osrc6qnqg/15.png?raw=1,1890879,50,50,,172.104.127.106
16.png,9,https://www.dropbox.com/s/9don88mjzs9t68v/16.png?raw=1,1890880,52,52,,172.104.127.106
17.png,7,https://www.dropbox.com/s/aqcuh0ho8a0ex6d/17.png?raw=1,1890881,54,54,,172.104.127.106
18.png,3,https://www.dropbox.com/s/p9e01fftlcjm2s1/18.png?raw=1,1890882,56,56,,172.104.127.106
19.png,4,https://www.dropbox.com/s/e6ychiuj78mjb4c/19.png?raw=1,1890883,58,58,,172.104.127.106
20.png,9,https://www.dropbox.com/s/17byd42ghajyziz/20.png?raw=1,1890884,59,59,15994.0,
21.png,6,https://www.dropbox.com/s/nb73g544phhoiqe/21.png?raw=1,1890885,60,60,15994.0,
22.png,4,https://www.dropbox.com/s/3l3r9h65ueliity/22.png?raw=1,1890886,61,61,15994.0,
23.png,5,https://www.dropbox.com/s/pccdkxwgsmyu5mh/23.png?raw=1,1890887,62,62,15994.0,
24.png,4,https://www.dropbox.com/s/98ub48lq0k1tsvz/24.png?raw=1,1890888,63,63,15994.0,
25.png,0,https://www.dropbox.com/s/av3yik9d7bw4foa/25.png?raw=1,1890889,64,64,15994.0,
26.png,7,https://www.dropbox.com/s/9t3ixesl1t4xt76/26.png?raw=1,1890890,65,65,15994.0,
27.png,4,https://www.dropbox.com/s/rupc4e6n5ei01hj/27.png?raw=1,1890891,66,66,15994.0,
28.png,0,https://www.dropbox.com/s/v9lhmuy94yxypyn/28.png?raw=1,1890892,67,67,15994.0,
29.png,1,https://www.dropbox.com/s/n0a3ojifzrfb01z/29.png?raw=1,1890893,68,68,15994.0,
30.png,3,https://www.dropbox.com/s/peiloieyulw7g6k/30.png?raw=1,1890894,69,69,15994.0,
31.png,1,https://www.dropbox.com/s/m8lp8tibcus6a32/31.png?raw=1,1890895,70,70,15994.0,
32.png,3,https://www.dropbox.com/s/qop04bvs0yh14gt/32.png?raw=1,1890896,71,71,15994.0,
33.png,4,https://www.dropbox.com/s/b0rmhl2c0fhjqlh/33.png?raw=1,1890897,72,72,15994.0,
34.png,7,https://www.dropbox.com/s/gm06n0y98ak6svj/34.png?raw=1,1890898,73,73,15994.0,
35.png,2,https://www.dropbox.com/s/exgl607vcetzenu/35.png?raw=1,1890899,74,74,15994.0,
36.png,7,https://www.dropbox.com/s/5i9rne2kvxtzl7d/36.png?raw=1,1890900,75,75,15994.0,
37.png,1,https://www.dropbox.com/s/ww1krnxmr14eo7b/37.png?raw=1,1890901,76,76,15994.0,
38.png,2,https://www.dropbox.com/s/n68fukgy84nw26d/38.png?raw=1,1890902,77,77,15994.0,
39.png,1,https://www.dropbox.com/s/9hmbv7qkrzuivkt/39.png?raw=1,1890903,78,78,15994.0,
40.png,1,https://www.dropbox.com/s/uxoyl9gtcl1l94z/40.png?raw=1,1890904,79,79,15994.0,
41.png,7,https://www.dropbox.com/s/qsbcwnt3pqr7lls/41.png?raw=1,1890905,80,80,15994.0,
42.png,9,https://www.dropbox.com/s/7vgdduk6deawnto/42.png?raw=1,1890906,81,81,15994.0,
43.png,2,https://www.dropbox.com/s/dnkjjwum91w7k13/43.png?raw=1,1890907,82,82,15994.0,
44.png,3,https://www.dropbox.com/s/q6tknrtuulj5btw/44.png?raw=1,1890908,83,83,15994.0,
45.png,5,https://www.dropbox.com/s/bykzzc7ptj5wztj/45.png?raw=1,1890909,84,84,15994.0,
46.png,1,https://www.dropbox.com/s/atgwgtgoj9l3428/46.png?raw=1,1890910,85,85,15994.0,
47.png,2,https://www.dropbox.com/s/yxx27t9ym7khim4/47.png?raw=1,1890911,86,86,15994.0,
48.png,4,https://www.dropbox.com/s/6j69wmrn5pmtn56/48.png?raw=1,1890912,87,87,15994.0,
49.png,4,https://www.dropbox.com/s/uw1y1rwzo1au0xw/49.png?raw=1,1890913,88,88,15994.0,
50.png,6,https://www.dropbox.com/s/yxkl7a344rntz2e/50.png?raw=1,1890914,89,89,15994.0,
51.png,3,https://www.dropbox.com/s/vk9ikf7a0m3ouxc/51.png?raw=1,1890915,90,90,15994.0,
52.png,5,https://www.dropbox.com/s/nhflkp0aq58nvwx/52.png?raw=1,1890916,91,91,15994.0,
53.png,5,https://www.dropbox.com/s/b8j4hmb5qceproj/53.png?raw=1,1890917,92,92,15994.0,
54.png,4,https://www.dropbox.com/s/gcmbqrfvj6qbmhf/54.png?raw=1,1890918,93,93,15994.0,
55.png,0,https://www.dropbox.com/s/ful22d93rft28wq/55.png?raw=1,1890919,94,94,15994.0,
56.png,5,https://www.dropbox.com/s/axxt7uusxwir5jh/56.png?raw=1,1890920,95,95,15994.0,
57.png,1,https://www.dropbox.com/s/zor8zylen7cekoe/57.png?raw=1,1890921,96,96,15994.0,
58.png,9,https://www.dropbox.com/s/32m24dnj33n1fz6/58.png?raw=1,1890922,97,97,15994.0,
59.png,5,https://www.dropbox.com/s/jopvwwmyt78goko/59.png?raw=1,1890923,98,98,15994.0,
60.png,7,https://www.dropbox.com/s/sfgmaznmb8ovtd8/60.png?raw=1,1890924,99,99,15994.0,
61.png,8,https://www.dropbox.com/s/y5rd49mli7k3k88/61.png?raw=1,1890925,100,100,15994.0,
62.png,9,https://www.dropbox.com/s/d6d7zjwlwkflcb3/62.png?raw=1,1890926,101,101,15994.0,
63.png,3,https://www.dropbox.com/s/1jj169adjfg82uu/63.png?raw=1,1890927,102,102,15994.0,
64.png,7,https://www.dropbox.com/s/l386lrliy1ds53h/64.png?raw=1,1890928,103,103,15994.0,
65.png,4,https://www.dropbox.com/s/flh977kjm4bn07b/65.png?raw=1,1890929,104,104,15994.0,
66.png,4,https://www.dropbox.com/s/7y85qds6ag9r511/66.png?raw=1,1890930,105,105,15994.0,
67.png,4,https://www.dropbox.com/s/acs9vs914vcp62o/67.png?raw=1,1890931,106,106,15994.0,
68.png,3,https://www.dropbox.com/s/9puiwurzh3gysxm/68.png?raw=1,1890932,107,107,15994.0,
69.png,0,https://www.dropbox.com/s/iusrnxwex23otfw/69.png?raw=1,1890933,108,108,15994.0,
70.png,7,https://www.dropbox.com/s/y26h82rxb5tflxa/70.png?raw=1,1890934,109,109,15994.0,
71.png,0,https://www.dropbox.com/s/ibd9zqk4rver3rz/71.png?raw=1,1890935,110,110,15994.0,
72.png,2,https://www.dropbox.com/s/gjhwlov1b2q7skz/72.png?raw=1,1890936,111,111,15994.0,
73.png,9,https://www.dropbox.com/s/0w4zq0eyc7kb6kh/73.png?raw=1,1890937,112,112,15994.0,
74.png,1,https://www.dropbox.com/s/ml60ssc700nuciz/74.png?raw=1,1890938,113,113,15994.0,
75.png,7,https://www.dropbox.com/s/8lesx50dlel9a7t/75.png?raw=1,1890939,114,114,15994.0,
76.png,3,https://www.dropbox.com/s/cpr3gycem9imtcq/76.png?raw=1,1890940,115,115,15994.0,
77.png,2,https://www.dropbox.com/s/y3xiqt9bdjmax10/77.png?raw=1,1890941,116,116,15994.0,
78.png,9,https://www.dropbox.com/s/qpn0leewdcanjju/78.png?raw=1,1890942,117,117,15994.0,
79.png,7,https://www.dropbox.com/s/i98x9gs63bks6vf/79.png?raw=1,1890943,118,118,15994.0,
80.png,7,https://www.dropbox.com/s/gyciwd0y9dc8q5r/80.png?raw=1,1890944,119,119,15994.0,
81.png,6,https://www.dropbox.com/s/j9to6gsvtegpn2c/81.png?raw=1,1890945,120,120,15994.0,
82.png,2,https://www.dropbox.com/s/1coa6x09qcf0cmu/82.png?raw=1,1890946,121,121,15994.0,
83.png,7,https://www.dropbox.com/s/n5qf3dok22w3elc/83.png?raw=1,1890947,122,122,15994.0,
84.png,8,https://www.dropbox.com/s/ehm4mxhc1pdwfrd/84.png?raw=1,1890948,123,123,15994.0,
85.png,4,https://www.dropbox.com/s/t5vif41sy6xmlmu/85.png?raw=1,1890949,124,124,15994.0,
86.png,7,https://www.dropbox.com/s/8hec7u7sgmxaov6/86.png?raw=1,1890950,125,125,15994.0,
87.png,3,https://www.dropbox.com/s/grl7dn94n4fpgsk/87.png?raw=1,1890951,126,126,15994.0,
88.png,6,https://www.dropbox.com/s/ecj4chx8tc2vgqj/88.png?raw=1,1890952,127,127,15994.0,
89.png,1,https://www.dropbox.com/s/9qyud37f7qtamln/89.png?raw=1,1890953,128,128,15994.0,
90.png,3,https://www.dropbox.com/s/v9pq0zv9zo3hmyi/90.png?raw=1,1890954,129,129,15994.0,
91.png,6,https://www.dropbox.com/s/3k4sj0278f2z0mh/91.png?raw=1,1890955,130,130,15994.0,
92.png,9,https://www.dropbox.com/s/jsb7hdqvoib1bnl/92.png?raw=1,1890956,131,131,15994.0,
93.png,3,https://www.dropbox.com/s/ylyj4h3si4sum76/93.png?raw=1,1890957,132,132,15994.0,
94.png,1,https://www.dropbox.com/s/q7r2p1obhq0ns26/94.png?raw=1,1890958,133,133,15994.0,
95.png,4,https://www.dropbox.com/s/pw3irbj9jk78pe3/95.png?raw=1,1890959,134,134,15994.0,
96.png,1,https://www.dropbox.com/s/gcj14y2grv5ngoj/96.png?raw=1,1890960,135,135,15994.0,
97.png,7,https://www.dropbox.com/s/na35ks9ij0qsrgj/97.png?raw=1,1890961,136,136,15994.0,
98.png,6,https://www.dropbox.com/s/xe27fuj6d6oguh9/98.png?raw=1,1890962,137,137,15994.0,
