,Unnamed: 0,task_id,info,title,url_b,user_id,user_ip
0,0,1890864,7,0.png,https://www.dropbox.com/s/zani1nf1ckze1ez/0.png?raw=1,15994.0,
1,1,1890864,7,0.png,https://www.dropbox.com/s/zani1nf1ckze1ez/0.png?raw=1,,125.220.159.55
2,2,1890864,7,0.png,https://www.dropbox.com/s/zani1nf1ckze1ez/0.png?raw=1,,172.104.127.106
3,3,1890865,2,1.png,https://www.dropbox.com/s/d2nntlfnuny1dsx/1.png?raw=1,15994.0,
4,4,1890865,4,1.png,https://www.dropbox.com/s/d2nntlfnuny1dsx/1.png?raw=1,,125.220.159.55
5,5,1890865,2,1.png,https://www.dropbox.com/s/d2nntlfnuny1dsx/1.png?raw=1,,65.49.68.153
6,6,1890865,2,1.png,https://www.dropbox.com/s/d2nntlfnuny1dsx/1.png?raw=1,,172.104.127.106
7,7,1890866,1,2.png,https://www.dropbox.com/s/q22zgqyl0yvscq7/2.png?raw=1,15994.0,
8,8,1890866,1,2.png,https://www.dropbox.com/s/q22zgqyl0yvscq7/2.png?raw=1,,125.220.159.55
9,9,1890866,1,2.png,https://www.dropbox.com/s/q22zgqyl0yvscq7/2.png?raw=1,,65.49.68.153
10,10,1890866,1,2.png,https://www.dropbox.com/s/q22zgqyl0yvscq7/2.png?raw=1,,172.104.127.106
11,11,1890867,0,3.png,https://www.dropbox.com/s/pt3ig2v3kecds80/3.png?raw=1,15994.0,
12,12,1890867,0,3.png,https://www.dropbox.com/s/pt3ig2v3kecds80/3.png?raw=1,,125.220.159.55
13,13,1890867,0,3.png,https://www.dropbox.com/s/pt3ig2v3kecds80/3.png?raw=1,,65.49.68.153
14,14,1890867,0,3.png,https://www.dropbox.com/s/pt3ig2v3kecds80/3.png?raw=1,,172.104.127.106
15,15,1890868,4,4.png,https://www.dropbox.com/s/ds2vrp3so8w6j8j/4.png?raw=1,15994.0,
16,16,1890868,4,4.png,https://www.dropbox.com/s/ds2vrp3so8w6j8j/4.png?raw=1,,125.220.159.55
17,17,1890868,4,4.png,https://www.dropbox.com/s/ds2vrp3so8w6j8j/4.png?raw=1,,65.49.68.153
18,18,1890868,4,4.png,https://www.dropbox.com/s/ds2vrp3so8w6j8j/4.png?raw=1,,172.104.127.106
19,19,1890869,1,5.png,https://www.dropbox.com/s/d445zy1ckmgu3cj/5.png?raw=1,15994.0,
20,20,1890869,1,5.png,https://www.dropbox.com/s/d445zy1ckmgu3cj/5.png?raw=1,,125.220.159.55
21,21,1890869,1,5.png,https://www.dropbox.com/s/d445zy1ckmgu3cj/5.png?raw=1,,65.49.68.153
22,22,1890869,1,5.png,https://www.dropbox.com/s/d445zy1ckmgu3cj/5.png?raw=1,,172.104.127.106
23,23,1890870,4,6.png,https://www.dropbox.com/s/xipdiut4y1hilan/6.png?raw=1,15994.0,
24,24,1890870,4,6.png,https://www.dropbox.com/s/xipdiut4y1hilan/6.png?raw=1,,125.220.159.55
25,25,1890870,4,6.png,https://www.dropbox.com/s/xipdiut4y1hilan/6.png?raw=1,,65.49.68.153
26,26,1890870,4,6.png,https://www.dropbox.com/s/xipdiut4y1hilan/6.png?raw=1,,172.104.127.106
27,27,1890871,9,7.png,https://www.dropbox.com/s/5k75g7ethgcb1on/7.png?raw=1,15994.0,
28,28,1890871,9,7.png,https://www.dropbox.com/s/5k75g7ethgcb1on/7.png?raw=1,,125.220.159.55
29,29,1890871,9,7.png,https://www.dropbox.com/s/5k75g7ethgcb1on/7.png?raw=1,,65.49.68.153
30,30,1890871,9,7.png,https://www.dropbox.com/s/5k75g7ethgcb1on/7.png?raw=1,,172.104.127.106
31,31,1890872,5,8.png,https://www.dropbox.com/s/k273e5cib7613i8/8.png?raw=1,15994.0,
32,32,1890872,5,8.png,https://www.dropbox.com/s/k273e5cib7613i8/8.png?raw=1,,125.220.159.55
33,33,1890872,5,8.png,https://www.dropbox.com/s/k273e5cib7613i8/8.png?raw=1,,65.49.68.153
34,34,1890872,5,8.png,https://www.dropbox.com/s/k273e5cib7613i8/8.png?raw=1,,172.104.127.106
35,35,1890873,9,9.png,https://www.dropbox.com/s/w3y4k2hwj9b7dfb/9.png?raw=1,15994.0,
36,36,1890873,9,9.png,https://www.dropbox.com/s/w3y4k2hwj9b7dfb/9.png?raw=1,,65.49.68.153
37,37,1890873,9,9.png,https://www.dropbox.com/s/w3y4k2hwj9b7dfb/9.png?raw=1,,172.104.127.106
38,38,1890874,0,10.png,https://www.dropbox.com/s/pmc9kpdamvq21xm/10.png?raw=1,15994.0,
39,39,1890874,0,10.png,https://www.dropbox.com/s/pmc9kpdamvq21xm/10.png?raw=1,,65.49.68.153
40,40,1890874,0,10.png,https://www.dropbox.com/s/pmc9kpdamvq21xm/10.png?raw=1,,172.104.127.106
41,41,1890875,6,11.png,https://www.dropbox.com/s/oag6s8eeivdcu0g/11.png?raw=1,15994.0,
42,42,1890875,6,11.png,https://www.dropbox.com/s/oag6s8eeivdcu0g/11.png?raw=1,,172.104.127.106
43,43,1890876,9,12.png,https://www.dropbox.com/s/pi6qm84phucmr5g/12.png?raw=1,15994.0,
44,44,1890876,9,12.png,https://www.dropbox.com/s/pi6qm84phucmr5g/12.png?raw=1,,172.104.127.106
45,45,1890877,0,13.png,https://www.dropbox.com/s/eep8035k0v2ickm/13.png?raw=1,15994.0,
46,46,1890877,0,13.png,https://www.dropbox.com/s/eep8035k0v2ickm/13.png?raw=1,,172.104.127.106
47,47,1890878,1,14.png,https://www.dropbox.com/s/5szgdbrsyoqenhi/14.png?raw=1,15994.0,
48,48,1890878,1,14.png,https://www.dropbox.com/s/5szgdbrsyoqenhi/14.png?raw=1,,172.104.127.106
49,49,1890879,5,15.png,https://www.dropbox.com/s/wbb580osrc6qnqg/15.png?raw=1,15994.0,
50,50,1890879,5,15.png,https://www.dropbox.com/s/wbb580osrc6qnqg/15.png?raw=1,,172.104.127.106
51,51,1890880,9,16.png,https://www.dropbox.com/s/9don88mjzs9t68v/16.png?raw=1,15994.0,
52,52,1890880,9,16.png,https://www.dropbox.com/s/9don88mjzs9t68v/16.png?raw=1,,172.104.127.106
53,53,1890881,7,17.png,https://www.dropbox.com/s/aqcuh0ho8a0ex6d/17.png?raw=1,15994.0,
54,54,1890881,7,17.png,https://www.dropbox.com/s/aqcuh0ho8a0ex6d/17.png?raw=1,,172.104.127.106
55,55,1890882,8,18.png,https://www.dropbox.com/s/p9e01fftlcjm2s1/18.png?raw=1,15994.0,
56,56,1890882,3,18.png,https://www.dropbox.com/s/p9e01fftlcjm2s1/18.png?raw=1,,172.104.127.106
57,57,1890883,4,19.png,https://www.dropbox.com/s/e6ychiuj78mjb4c/19.png?raw=1,15994.0,
58,58,1890883,4,19.png,https://www.dropbox.com/s/e6ychiuj78mjb4c/19.png?raw=1,,172.104.127.106
59,59,1890884,9,20.png,https://www.dropbox.com/s/17byd42ghajyziz/20.png?raw=1,15994.0,
60,60,1890885,6,21.png,https://www.dropbox.com/s/nb73g544phhoiqe/21.png?raw=1,15994.0,
61,61,1890886,4,22.png,https://www.dropbox.com/s/3l3r9h65ueliity/22.png?raw=1,15994.0,
62,62,1890887,5,23.png,https://www.dropbox.com/s/pccdkxwgsmyu5mh/23.png?raw=1,15994.0,
63,63,1890888,4,24.png,https://www.dropbox.com/s/98ub48lq0k1tsvz/24.png?raw=1,15994.0,
64,64,1890889,0,25.png,https://www.dropbox.com/s/av3yik9d7bw4foa/25.png?raw=1,15994.0,
65,65,1890890,7,26.png,https://www.dropbox.com/s/9t3ixesl1t4xt76/26.png?raw=1,15994.0,
66,66,1890891,4,27.png,https://www.dropbox.com/s/rupc4e6n5ei01hj/27.png?raw=1,15994.0,
67,67,1890892,0,28.png,https://www.dropbox.com/s/v9lhmuy94yxypyn/28.png?raw=1,15994.0,
68,68,1890893,1,29.png,https://www.dropbox.com/s/n0a3ojifzrfb01z/29.png?raw=1,15994.0,
69,69,1890894,3,30.png,https://www.dropbox.com/s/peiloieyulw7g6k/30.png?raw=1,15994.0,
70,70,1890895,1,31.png,https://www.dropbox.com/s/m8lp8tibcus6a32/31.png?raw=1,15994.0,
71,71,1890896,3,32.png,https://www.dropbox.com/s/qop04bvs0yh14gt/32.png?raw=1,15994.0,
72,72,1890897,4,33.png,https://www.dropbox.com/s/b0rmhl2c0fhjqlh/33.png?raw=1,15994.0,
73,73,1890898,7,34.png,https://www.dropbox.com/s/gm06n0y98ak6svj/34.png?raw=1,15994.0,
74,74,1890899,2,35.png,https://www.dropbox.com/s/exgl607vcetzenu/35.png?raw=1,15994.0,
75,75,1890900,7,36.png,https://www.dropbox.com/s/5i9rne2kvxtzl7d/36.png?raw=1,15994.0,
76,76,1890901,1,37.png,https://www.dropbox.com/s/ww1krnxmr14eo7b/37.png?raw=1,15994.0,
77,77,1890902,2,38.png,https://www.dropbox.com/s/n68fukgy84nw26d/38.png?raw=1,15994.0,
78,78,1890903,1,39.png,https://www.dropbox.com/s/9hmbv7qkrzuivkt/39.png?raw=1,15994.0,
79,79,1890904,1,40.png,https://www.dropbox.com/s/uxoyl9gtcl1l94z/40.png?raw=1,15994.0,
80,80,1890905,7,41.png,https://www.dropbox.com/s/qsbcwnt3pqr7lls/41.png?raw=1,15994.0,
81,81,1890906,9,42.png,https://www.dropbox.com/s/7vgdduk6deawnto/42.png?raw=1,15994.0,
82,82,1890907,2,43.png,https://www.dropbox.com/s/dnkjjwum91w7k13/43.png?raw=1,15994.0,
83,83,1890908,3,44.png,https://www.dropbox.com/s/q6tknrtuulj5btw/44.png?raw=1,15994.0,
84,84,1890909,5,45.png,https://www.dropbox.com/s/bykzzc7ptj5wztj/45.png?raw=1,15994.0,
85,85,1890910,1,46.png,https://www.dropbox.com/s/atgwgtgoj9l3428/46.png?raw=1,15994.0,
86,86,1890911,2,47.png,https://www.dropbox.com/s/yxx27t9ym7khim4/47.png?raw=1,15994.0,
87,87,1890912,4,48.png,https://www.dropbox.com/s/6j69wmrn5pmtn56/48.png?raw=1,15994.0,
88,88,1890913,4,49.png,https://www.dropbox.com/s/uw1y1rwzo1au0xw/49.png?raw=1,15994.0,
89,89,1890914,6,50.png,https://www.dropbox.com/s/yxkl7a344rntz2e/50.png?raw=1,15994.0,
90,90,1890915,3,51.png,https://www.dropbox.com/s/vk9ikf7a0m3ouxc/51.png?raw=1,15994.0,
91,91,1890916,5,52.png,https://www.dropbox.com/s/nhflkp0aq58nvwx/52.png?raw=1,15994.0,
92,92,1890917,5,53.png,https://www.dropbox.com/s/b8j4hmb5qceproj/53.png?raw=1,15994.0,
93,93,1890918,4,54.png,https://www.dropbox.com/s/gcmbqrfvj6qbmhf/54.png?raw=1,15994.0,
94,94,1890919,0,55.png,https://www.dropbox.com/s/ful22d93rft28wq/55.png?raw=1,15994.0,
95,95,1890920,5,56.png,https://www.dropbox.com/s/axxt7uusxwir5jh/56.png?raw=1,15994.0,
96,96,1890921,1,57.png,https://www.dropbox.com/s/zor8zylen7cekoe/57.png?raw=1,15994.0,
97,97,1890922,9,58.png,https://www.dropbox.com/s/32m24dnj33n1fz6/58.png?raw=1,15994.0,
98,98,1890923,5,59.png,https://www.dropbox.com/s/jopvwwmyt78goko/59.png?raw=1,15994.0,
99,99,1890924,7,60.png,https://www.dropbox.com/s/sfgmaznmb8ovtd8/60.png?raw=1,15994.0,
100,100,1890925,8,61.png,https://www.dropbox.com/s/y5rd49mli7k3k88/61.png?raw=1,15994.0,
101,101,1890926,9,62.png,https://www.dropbox.com/s/d6d7zjwlwkflcb3/62.png?raw=1,15994.0,
102,102,1890927,3,63.png,https://www.dropbox.com/s/1jj169adjfg82uu/63.png?raw=1,15994.0,
103,103,1890928,7,64.png,https://www.dropbox.com/s/l386lrliy1ds53h/64.png?raw=1,15994.0,
104,104,1890929,4,65.png,https://www.dropbox.com/s/flh977kjm4bn07b/65.png?raw=1,15994.0,
105,105,1890930,4,66.png,https://www.dropbox.com/s/7y85qds6ag9r511/66.png?raw=1,15994.0,
106,106,1890931,4,67.png,https://www.dropbox.com/s/acs9vs914vcp62o/67.png?raw=1,15994.0,
107,107,1890932,3,68.png,https://www.dropbox.com/s/9puiwurzh3gysxm/68.png?raw=1,15994.0,
108,108,1890933,0,69.png,https://www.dropbox.com/s/iusrnxwex23otfw/69.png?raw=1,15994.0,
109,109,1890934,7,70.png,https://www.dropbox.com/s/y26h82rxb5tflxa/70.png?raw=1,15994.0,
110,110,1890935,0,71.png,https://www.dropbox.com/s/ibd9zqk4rver3rz/71.png?raw=1,15994.0,
111,111,1890936,2,72.png,https://www.dropbox.com/s/gjhwlov1b2q7skz/72.png?raw=1,15994.0,
112,112,1890937,9,73.png,https://www.dropbox.com/s/0w4zq0eyc7kb6kh/73.png?raw=1,15994.0,
113,113,1890938,1,74.png,https://www.dropbox.com/s/ml60ssc700nuciz/74.png?raw=1,15994.0,
114,114,1890939,7,75.png,https://www.dropbox.com/s/8lesx50dlel9a7t/75.png?raw=1,15994.0,
115,115,1890940,3,76.png,https://www.dropbox.com/s/cpr3gycem9imtcq/76.png?raw=1,15994.0,
116,116,1890941,2,77.png,https://www.dropbox.com/s/y3xiqt9bdjmax10/77.png?raw=1,15994.0,
117,117,1890942,9,78.png,https://www.dropbox.com/s/qpn0leewdcanjju/78.png?raw=1,15994.0,
118,118,1890943,7,79.png,https://www.dropbox.com/s/i98x9gs63bks6vf/79.png?raw=1,15994.0,
119,119,1890944,7,80.png,https://www.dropbox.com/s/gyciwd0y9dc8q5r/80.png?raw=1,15994.0,
120,120,1890945,6,81.png,https://www.dropbox.com/s/j9to6gsvtegpn2c/81.png?raw=1,15994.0,
121,121,1890946,2,82.png,https://www.dropbox.com/s/1coa6x09qcf0cmu/82.png?raw=1,15994.0,
122,122,1890947,7,83.png,https://www.dropbox.com/s/n5qf3dok22w3elc/83.png?raw=1,15994.0,
123,123,1890948,8,84.png,https://www.dropbox.com/s/ehm4mxhc1pdwfrd/84.png?raw=1,15994.0,
124,124,1890949,4,85.png,https://www.dropbox.com/s/t5vif41sy6xmlmu/85.png?raw=1,15994.0,
125,125,1890950,7,86.png,https://www.dropbox.com/s/8hec7u7sgmxaov6/86.png?raw=1,15994.0,
126,126,1890951,3,87.png,https://www.dropbox.com/s/grl7dn94n4fpgsk/87.png?raw=1,15994.0,
127,127,1890952,6,88.png,https://www.dropbox.com/s/ecj4chx8tc2vgqj/88.png?raw=1,15994.0,
128,128,1890953,1,89.png,https://www.dropbox.com/s/9qyud37f7qtamln/89.png?raw=1,15994.0,
129,129,1890954,3,90.png,https://www.dropbox.com/s/v9pq0zv9zo3hmyi/90.png?raw=1,15994.0,
130,130,1890955,6,91.png,https://www.dropbox.com/s/3k4sj0278f2z0mh/91.png?raw=1,15994.0,
131,131,1890956,9,92.png,https://www.dropbox.com/s/jsb7hdqvoib1bnl/92.png?raw=1,15994.0,
132,132,1890957,3,93.png,https://www.dropbox.com/s/ylyj4h3si4sum76/93.png?raw=1,15994.0,
133,133,1890958,1,94.png,https://www.dropbox.com/s/q7r2p1obhq0ns26/94.png?raw=1,15994.0,
134,134,1890959,4,95.png,https://www.dropbox.com/s/pw3irbj9jk78pe3/95.png?raw=1,15994.0,
135,135,1890960,1,96.png,https://www.dropbox.com/s/gcj14y2grv5ngoj/96.png?raw=1,15994.0,
136,136,1890961,7,97.png,https://www.dropbox.com/s/na35ks9ij0qsrgj/97.png?raw=1,15994.0,
137,137,1890962,6,98.png,https://www.dropbox.com/s/xe27fuj6d6oguh9/98.png?raw=1,15994.0,
138,138,1890963,9,99.png,https://www.dropbox.com/s/f1055ay2vp4jj43/99.png?raw=1,15994.0,
